lat,lon
41.8931,12.4828
45.4669,9.19
40.8333,14.25
45.0667,7.7
38.1157,13.3613
44.4072,8.934
44.4939,11.3428
43.7714,11.2542
41.1253,16.8667
37.5027,15.0873
45.4397,12.3319
45.4386,10.9928
38.1936,15.5542
45.4064,11.8778
45.6503,13.7703
40.4181,17.2408
45.5389,10.2203
44.8015,10.328
43.8808,11.0966
44.6458,10.9257
38.1144,15.65
44.7,10.6333
43.1121,12.3888
44.4178,12.1994
43.55,10.3167
39.2167,9.1167
41.4584,15.5519
44.0594,12.5683
40.6806,14.7597
44.8353,11.6199
41.4676,12.9037
40.9319,14.1956
45.5836,9.2736
37.0692,15.2875
45.695,9.67
42.4643,14.2142
46.0667,11.1167
44.2225,12.0408
40.7267,8.5592
45.55,11.55
42.5667,12.65
46.5,11.35
45.45,8.6167
45.05,9.7
43.6167,13.5167
41.2317,16.3083
46.0667,13.2333
43.4631,11.8781
44.1333,12.2333
40.352,18.1691
43.9102,12.9133
41.3167,16.2833
44.9133,8.62
44.108,9.8289
43.9333,10.9167
43.7167,10.4
38.91,16.5875
45.4906,12.2381
43.85,10.5167
40.6383,17.9458
40.7853,14.3953
45.6722,12.2422
45.612,8.8518
45.8103,9.0861
37.7981,12.4342
42.7722,11.1089
45.5333,9.2333
40.8231,14.1222
45.8167,8.8333
41.7667,12.2333
40.9,14.3
44.9,8.2069
45.55,9.2167
41.0667,14.3333
37.0667,14.25
36.925,14.7306
45.1853,9.155
45.1333,10.0333
44.7833,10.885
39.2291,9.2649
40.8167,16.55
44.3531,11.7147
42.354,13.392
44.0333,10.1333
38.0175,12.515
42.4186,12.1042
39.3,16.25
40.6333,15.8
40.7,14.4833
40.9167,14.3167
36.95,14.5333
39.0833,17.1167
41.6693,12.5021
45.3167,8.8667
44.0833,10.1
37.4915,14.0624
43.8672,10.2506
41.1256,14.7811
43.8435,13.0198
44.308,8.481
40.6667,16.6
40.9167,9.5
45.5781,8.9183
40.95,14.3667
40.9,14.1833
41.2,16.6
37.3111,13.5765
44.2856,11.8833
41.2667,15.9
45,7.6833
42.9561,12.7033
41.6333,15.9167
41.9667,12.8
44.3833,7.55
41.2667,16.4167
41.2409,16.5021
41.1083,16.6917
38.0833,13.5
40.8197,14.3411
36.8672,14.7614
43.8175,7.775
42.6589,13.7039
42.5119,14.1373
40.9153,14.7897
43.3183,11.3314
45.6649,8.7914
41.6667,12.7833
40.7008,14.7056
41.6951,15.3793
40.973,14.2065
40.8068,14.3526
41.4472,12.6283
37.6125,15.1656
42.1,11.8
37.6517,12.5875
45.0809,11.794
45.9626,12.6563
40.6167,14.9833
45.5333,9.0333
42.3511,14.1674
40.7536,14.5253
43.7544,11.1894
37.5183,15.0069
41.4667,12.6667
41.6167,12.55
45.0833,7.5833
45.2189,12.2785
45.1564,10.7911
41.561,14.6684
40.9167,14.35
43.8333,11.2
40.95,17.3
40.7,17.3333
42.8547,13.5753
45.0725,7.5272
43.7167,10.95
41.15,16.4
45.85,9.4
37.5667,14.9
45,7.65
45.5286,9.2783
42.4044,12.8567
42.9438,13.8833
45.1333,7.7667
45.5667,9.1667
43.8256,11.1333
41.2833,13.25
45.3167,8.4167
43.8756,10.5736
41.6333,13.35
40.75,14.6333
45.6167,9.25
37.9667,12.9667
45.3167,9.5
43.68,10.5003
45.65,9.2
40.8333,14.3333
43.7131,13.2183
41.7667,12.6667
45.5664,8.0533
40.56,8.315
40.8206,16.4233
45.7686,11.7367
45.3833,9.15
40.7569,14.4444
43.3068,13.7286
43.8865,8.0297
42.031,13.4264
45.6167,9.2167
45.6298,12.5641
43.3003,13.4533
41.9544,12.0742
38.15,15.2167
41.7333,12.6667
42.05,12.6167
44.5517,10.7856
37.5092,13.0889
46.6689,11.1639
39.6,16.5167
43.5228,13.2439
40.6169,15.0564
45.7333,9.1333
45.8833,11.0342
40.9167,14.4
41.0333,14.3
41.35,13.4167
40.8333,17.3667
43.4574,12.2403
45.6255,9.037
44.9925,9.0092
45.7111,11.3556
38.0817,13.2889
41.0333,14.3833
38.1333,13.1833
41.8,12.6
45.6272,9.1472
45.4375,12.1329
41.0833,16.7833
45.4,9.2833
37.2333,14.5167
41.2564,13.6069
42,12.1
42.7333,12.7333
40.9167,14.2333
40.95,14.3
45.0689,7.5786
43.1604,13.7181
37.1083,13.9469
41.6,12.8333
45.0131,7.8228
45.5,9.3333
39.5667,16.6333
40.3201,9.3281
41.4917,13.8333
45.55,9.1167
44.4833,11.2833
40.5314,17.5858
44.8833,7.3333
37.2303,15.2194
39.3333,16.1833
37.36,13.8511
46.1408,12.2156
37.6625,14.8356
44.7333,11.2833
45.49,9.2953
45.5972,9.13
45.8872,12.2969
43.4861,13.4821
44,12.65
42.2312,14.3905
40.9094,14.2098
40.8725,14.4369
45.5508,9.3011
45.4333,9.1167
45.9352,13.6193
44.5739,10.8478
45.5167,9.3333
45.3667,9.6833
40.9153,14.2681
40.7431,14.5694
45.7372,7.3206
45.1342,8.4583
40.9422,14.2348
42.9348,10.5221
38.6753,16.0959
42.0028,14.9947
45.1167,7.6333
45.6667,11.9333
45.35,10.85
41.5,15.3333
44.5967,11.0528
41.0833,14.25
40.5833,17.1167
45.4009,8.9185
45.4167,9.2667
44.4716,11.4049
43.9333,10.3
37.3186,13.6631
37.5667,15.05
40.5333,17.4333
40.9417,14.2722
38.05,13.1167
43.3518,12.5773
39.9058,8.5916
40.8167,14.6167
40.8333,14.5
37.6786,12.7917
44.6915,8.0256
43.7625,10.4414
40.1797,18.0333
36.9167,15.1333
45.7753,12.0389
38.217,15.237
40.9167,14.2
40.7322,17.5778
40.4028,17.6342
43.4,10.4667
43.3386,12.9085
45.9228,8.5519
40.9333,14.45
41.2167,16.0667
36.95,14.6
45.5214,9.5928
44.35,9.2333
44.7,7.85
37.6,15.15
38.0333,13.45
43.6625,10.6328
43.4667,11.15
39.2537,9.1606
45.4689,10.535
44.85,7.7167
40.6957,14.5154
41.1,13.8833
41.7264,13.3422
44.25,12.3667
45.9833,12.3
43.07,12.6175
39.1668,8.522
44.7592,8.7856
44.6408,11.185
37.5833,14.9833
43.3139,10.525
43.6833,10.85
40.775,14.475
45.4931,12.1606
45.5619,12.2364
45.5583,8.9477
40.8667,14.4
38.0375,12.5875
40.8,16.9333
37.7297,15.1844
44.3164,9.3237
44.8942,8.8656
37.5667,14.2667
41.0667,16.9167
41.7,15.7333
45.5,12.1
45.5771,9.0814
41.1333,16.55
36.7914,14.7025
37.15,14.3833
39.2897,9.0048
44.8667,10.0667
40.1667,18.1667
40.5667,17.8
39.3103,8.5372
45.1833,7.8833
40.8492,17.1225
40.8,16.7667
43.8475,10.9833
40.8,14.0833
43.2586,13.7585
41.0333,16.9833
45.5333,9.1833
40.65,14.8833
45.5331,12.6448
40.9667,17.1167
45.6167,9.3667
45.35,11.8667
43.6296,13.3968
37.9833,13.7
45.65,11.3
41.7167,13.6167
44.2012,12.4007
45.7,9.2167
41.05,13.9167
45.5667,9.0333
44.5925,10.6878
40.9167,14.15
45.4161,10.3917
44.7717,10.7806
42.4181,14.2919
45.5203,11.3397
42.6833,14.0167
43.75,11.3167
41.0667,17.0833
45.6847,9.7178
45.3833,11.0333
41.1173,16.4837
44.4808,11.0022
45.1929,11.3115
40.75,14.5
45.7833,12.8333
45.7,9.1833
41.5,13.0667
43.5234,11.5679
44.55,7.7333
40.7417,14.6722
45.7072,11.4786
42.048,13.9262
40.2667,18.05
43.7903,7.6083
44.0491,8.213
36.8833,15.0833
37.6453,14.8636
45.4603,8.8766
41.7022,12.6925
42.7525,13.9567
40.85,14.4775
43.9452,10.2183
44.8873,11.066
39.1752,8.9709
45.6,9.2333
45.4,10.5
37.2833,15
45.65,9.6
45.6667,9.1667
45.6474,9.1387
45.4622,7.8747
37.5833,15.1
41.5667,13.3333
45,7.5333
45.5833,9.2
45.5037,11.412
43.7333,10.8
42.0337,12.6444
42.3557,14.4036
45.45,11.9833
45.3833,11.7833
37.0833,15.15
37.1936,13.7658
40.9362,14.2993
37.4833,13.9833
41.8167,12.6833
41.1528,15.0889
44.3833,7.8167
43.8667,10.3333
40.5,16.75
40.8369,8.4014
40.7833,14.7667
36.7167,15.1
44.7,12.1833
44.0633,12.4466
44.1136,9.96
43.2756,11.9881
39.8167,16.2
46.7167,11.65
40.8,14.55
45.6667,12.15
40.3583,14.9833
41.8333,12.9
37.3833,14.3667
45.7,8.4667
41.6028,14.2397
43.4225,11.1267
46.1697,9.87
44.65,7.6333
44.6131,11.8364
45.5467,12.1575
45.5833,9.1333
41.05,16.7
41.0108,14.1319
43.129,12.2877
41.75,13.15
45.4,11.2833
41.7287,13.0031
46.0667,11.2333
42.9189,10.7614
41.2333,13.9333
36.8167,14.95
43.3986,13.5525
44.9927,10.7494
43.8667,10.8167
41.6833,13.25
39.2994,9.0918
45.4333,9.0667
40.6667,14.4333
44.3978,11.5894
46.0167,11.9
43.775,11.4375
40.9,16.85
45.4333,8.7333
40.0556,17.9917
41.2167,13.5667
43.8828,10.7711
41.2998,13.0248
45.5,9.0333
45.5333,9.4
45.5167,9.75
45.7808,12.4928
41.8,12.6667
39.5,16.3833
41.6833,13.4167
41.1833,16.6667
43.7667,11.1
42.7167,12.1
39.4,16.15
45.0333,7.5333
42.0455,14.7315
45.6486,11.7836
45.4667,10.85
40.75,13.95
45.3619,11.7924
38.4333,15.9
40.0167,18.1667
38.0833,13.45
44.9267,10.52
45.6,9.8833
45.55,9.1667
45.5333,9.1333
45.9541,12.5027
45.2977,12.0368
40.9762,14.1773
40.65,17.5167
41.2667,13.75
40.95,16.9167
39.2568,9.1387
44.8167,9.9833
40.7333,14.55
44.6761,8.4686
43.9017,10.6898
40.8838,17.1679
36.7303,14.8467
45.05,12.05
42.0883,12.2775
43.2086,13.2841
42.455,14.1399
45.5531,9.0775
42.5167,12.5167
44.5898,10.7394
45.5642,9.9997
42.1,12.1833
40.8,17.1333
40.6556,17.7036
45.5333,9.5167
45.1039,7.7536
37.8,14.8333
45.5197,9.8833
44.4883,11.2181
42.0333,11.85
43.7833,11.1
45.7,8.9167
41.7167,12.6667
45.5719,12.1089
37.4994,13.265
45.014,8.6458
45.55,9.1833
43.9278,11.04
45.402,10.2803
42.9167,12.3333
45.2333,7.6
38.3667,15.85
43.4642,13.5461
40.9333,16.9
40.8,14.5
37.55,15.15
45.5,9.4167
44.5374,11.5344
43.9555,11.3856
44.5778,11.3617
44.2733,9.3932
44.9833,7.4667
45.4667,8.9167
41.1056,14.2139
39.7839,16.3189
46.1161,8.2911
38.2667,16.3
40.8667,14.55
45.9833,12.7
45.3667,9.3167
37.6059,15.126
37.5,14.3833
40.9961,17.2203
40.8667,14.35
46.4276,11.3405
45.6833,9.2333
41.05,16.8833
40.9333,14.2667
41.8333,12.8333
45.6833,8.7
45.6333,9.3167
43.8567,11.1636
45.7606,9.7969
45.7333,12.2333
40.9964,15.6558
45.0228,7.5878
40.7333,13.85
38.9667,17.1
43.9,11
45.5089,12.0363
44.0881,12.3933
37.2833,15.0167
45.9167,10.8833
45.4333,10.8333
40.2,16.6667
41.3308,15.7114
40.3833,16.55
44.5256,10.8664
45.2333,11.75
39.3026,9.2031
39.9333,18.3667
44.3833,11.3333
45.5543,12.2994
44.3327,10.8331
45.4667,8.9833
43.6108,10.97
45.4833,10.8667
41.7667,12.7167
43.9584,12.7386
45.55,8.9833
43.6569,11.1858
40.6666,15.1064
43.2295,13.6861
40.7072,17.6594
44.5392,10.8117
45.5333,10.9333
41.6833,15.2833
40.6333,16.9333
39.2642,16.7003
40.75,14.78
45.5139,9.2844
41,16.8667
44.6453,7.4906
45.6,12.2333
45.6167,9.15
37.3,14.85
43.5644,11.5328
45.1,7.5167
45.8,8.8833
45.6833,12.0167
44.4169,11.9761
44.4833,11.6333
45.0333,7.35
37.2944,13.5272
43.6,10.4833
45.6,10.15
37.3333,14.75
44.4667,8.1167
42.7833,12.4167
46.7994,11.9343
43.6833,11.5333
43.3056,12.3366
45.1894,11.2166
45.3833,11.3833
45.4333,11.7833
40.6278,14.3736
45.1836,7.7153
40.9224,14.4239
45.2333,11.6667
36.7853,14.9069
44.9,11.8333
42.2492,11.7561
42.2961,12.41
45.4978,9.6431
40.9167,14.5167
45.45,11.9333
42.9891,13.8681
45.9614,12.9774
40.9556,14.2708
40.5833,17.05
45.25,11.1333
40.4003,17.5667
41.7833,12.9167
43.1848,13.7955
43.5478,11.0411
45.6167,8.7833
45.5501,12.0709
42.8851,13.916
44.6777,11.043
45.16,9.705
45.6833,9.1167
43.5756,12.1439
40.6333,17.0333
43.3663,13.6203
45.8833,12.7167
39.3667,16.0333
42.55,14.1167
42.1667,12.6
45.4833,8.7
41.05,16.9167
45.5897,9.3359
44.6167,11.6667
44.8319,11.2957
45.7,9.2833
43.8167,10.6747
41.8167,12.8
40.15,18.0667
45.5783,9.3522
43.6167,10.6333
38.35,16.0167
45.55,9.3333
45.4167,11.1
43.1271,12.0452
45.2,7.7833
44.9858,10.4147
45.35,10.7333
44.5097,11.4706
45.25,8.75
43.2482,13.5075
44.5139,10.7339
45.1042,7.55
44.7381,10.9245
45.8781,8.4069
45.1778,9.65
44.9333,9.9
41.8333,15.5667
45.6,8.95
38.0192,12.8858
40.6333,16.8
40.4,18.1333
40.45,17.3667
45.9153,12.8556
45.3728,11.1303
44.5519,10.9358
42.5167,14.05
44.9214,10.6542
45.4249,12.0758
43.2333,12.7833
42.6167,14.0667
41.4083,13.0443
44.4,11.25
45.7,9.4333
45.6582,11.4047
44.65,10.7833
40.7983,8.5772
43.15,12.2
45.4,10.85
39.3667,17.1167
38.485,15.9797
40.8833,16.7667
42.4394,11.2125
43.5997,13.3257
45.5553,10.0733
45.5,11.9167
43.8103,11.0149
43.7833,10.9167
41.35,16.1
44.7527,10.2157
45.5667,8.1667
43.7202,10.7727
37.7333,15.2
43.6854,11.2544
37.6167,15.0667
40.9575,14.2492
45.6246,12.3766
43.7252,12.6372
40.4,18.0667
45.7167,11.7667
46,8.75
40.5333,17.7167
41.4667,13.1833
45.6167,8.9
45.3703,10.2167
37.7578,15.1958
38.0395,14.0221
45.0167,12.2167
40.6167,14.35
43.7517,13.0956
43.7333,11.0167
44.8894,11.4154
40.1167,18.3
40.75,17.3167
45.6167,8.95
45.615,9.0839
43.8,11.3
40.2833,18.0833
45.6,8.6333
40.9333,14.25
41.7333,12.9167
40.9015,9.1044
45.7456,11.6553
40.4333,18.05
42.3106,12.0792
39.4578,8.7424
41.0333,14.4833
43.8439,7.8509
43.1,11.7833
39.1333,16.0667
45.6053,9.3033
40.7667,14.8
45.7569,8.56
45.1833,7.65
40.3333,17.9667
41.8833,16.1667
45.524,10.0797
40.3333,18.1
42.2167,12.7333
45.8231,13.335
45.8,9.4333
45.3833,9.2167
45.5478,8.8867
45.5167,9.3667
41.3,16.0667
40.5667,17.2
45.6333,11.55
45.137,12.0817
40.7833,14.7
45.0591,9.4342
41.0801,9.388
44.85,10.7333
40.6,17.2333
38.2167,15.6333
45.7317,9.7283
37.75,14.4
41.7117,15.635
41.6833,12.7
45.515,10.3175
40.4833,18.05
37.1833,15.1167
41.0667,14.6333
44.7167,11.15
42.5333,12.0333
43.65,11.0833
45.7833,13
41.7333,12.8333
45.6,9.1667
41.05,15.8
43.9667,12.7
43.7,10.75
45.65,10.2
38.15,14.7333
44.1833,12.1333
37.2167,14.6333
38.1333,14.9667
40.9167,15.6667
39.2529,9.1762
43.3439,11.9189
44.5639,11.2719
44.6333,10.4667
45.2389,9.4097
42.0667,12.7667
41.7846,15.4436
44.3979,8.2778
45.4333,10.7667
41.4626,13.6676
45.3833,12.0667
44.36,8.5766
45.6508,9.6528
45.6,13.7667
45.3667,10.1333
37.65,14.4
45.6557,11.8594
38.0923,13.4639
42.0833,12.4
43.7,10.6833
45.6983,9.3117
45.5988,12.3243
43.0667,10.6167
45.45,11.8833
40.6333,14.4111
45.6867,12.3815
44,10.2333
37.3667,14.2
45.3654,10.4323
44.8167,10.1833
45.5833,12.05
45.5333,12.1167
40.9667,14.5333
45.4581,10.4146
45.55,11.2833
43.2332,13.6322
45.7333,12.6833
38.4673,14.9554
45.6862,11.7042
40.3102,18.2022
43.4403,13.6074
44.5333,11.0167
40.8,14.05
41.0167,16.7
41.6333,13.5167
40.0472,15.8358
40.7,14.9833
42.9203,13.8355
45.43,10.1854
45.7169,8.2764
37.2333,14.8833
37.4047,13.5339
43.6167,11.4667
40.4,15.6
45.2981,10.475
44.3122,9.3417
43.4299,13.6649
45.0794,7.3961
43.6835,10.6165
45.5667,8.9333
43.2167,11.7333
45.3333,7.7167
38.15,13.0833
45.9667,12.5667
45.6667,8.8667
44.3333,7.4833
37.6078,12.9686
40.8333,14.85
43.2289,13.1771
40.4167,16.6833
45.6333,8.8833
45.4,9.9333
44.7,11.4
39.9333,18.1667
46.1333,9.5667
38.0667,14.6333
40.9231,14.7428
38.2333,16.2667
45.4583,12.008
41.7,15.9667
41.0833,14.2833
44.5472,11.1956
44.3764,12.0334
41.25,14.0667
40.9833,14.2333
43.5531,11.5894
46.6167,11.1667
45.5833,12.6833
38.1667,13.1
45.4833,8.9667
45.0579,9.5489
45.5875,10.4389
37.5,14.9667
41.0096,14.0741
40.9,14.1833
43.6975,11.8144
45.6306,9.2744
46.1114,12.9017
45.7833,12.25
41.8081,12.7372
45.6,9.5167
43.7833,10.3833
40.3461,18.0461
41.7833,12.7667
45.8833,12.1667
45.5667,11.9333
44.5542,11.4439
45.5164,11.4597
41.0333,16.75
45.5167,9.1
45.5,8.9333
44.9216,11.5812
45.6167,11.35
39.9833,18.0833
45.8333,13.5
42.8167,10.3167
44.5061,12.0411
40.3047,18.2228
40.8928,14.7194
45.15,7.65
44.1,12.4167
40.8667,14.5333
40.7167,14.9333
37.1667,15.1833
37.5667,15.1167
37.3,14.2
45.85,12.25
42.5535,12.4168
45.7636,12.9953
45.5209,10.8362
45.6,8.75
41.3667,16.15
39.95,18.1667
37.6333,12.75
42.8,13.9167
46.1667,12.7167
44.8333,12.1167
40.9667,15.8167
45.9333,12.7333
39.54,8.6267
45.085,11.6006
43.9,10.8333
45.5167,11.6167
38.05,13.5333
45.0833,9.3
45.7833,8.9667
44.7,11.8
44.1691,8.3435
45.6003,12.8876
45.8463,9.3582
42.1333,12.3833
40.75,17.4167
38.1667,13.2333
45.2667,11.1333
45.6833,10.1833
40.5743,9.6963
45.7439,9.7594
40.3842,17.3547
45.6978,9.5881
45.45,11.7667
41.6833,13.5667
45.4704,10.2967
44.4035,8.6827
37.2678,13.9697
45.6178,12.565
45.3333,11.7833
40.0333,18.1333
45.4167,9.4
45.6436,12.2953
37.2833,14.0833
41.8167,12.9333
45.5333,11.4833
44.6392,8.6464
40.7333,15.7167
45.6,12.1667
37.0253,14.4925
37.9833,12.55
44.5067,10.9472
41.05,16.8333
45.6118,11.5076
44.7667,10.45
45.5167,11.7167
37.9167,15.7833
38.05,13.3833
41.2142,9.4083
45.55,8.7667
44.129,8.2598
43.55,12.1833
38.0833,13.5333
41.4833,14.05
45.5333,11.7667
45.6833,12.2833
45.5833,9.7
46.0905,13.435
39.0654,8.454
41.0893,14.4974
43.6744,10.7503
45.7333,8.6333
45.1167,10.7833
37.8167,13.3
40.7333,14.7667
44.2167,9.9667
39.9333,9.65
37.6167,15.0833
39.8167,15.8
42.3658,14.0767
39.9667,18.1
45.5,10.15
43.7617,10.8771
44.6934,10.4224
40.9167,14.8256
44.4578,11.199
36.8272,14.5239
45.5333,9.4833
44.15,12.1333
40.7911,14.6033
45.5817,10.0258
44,11.2333
45.5,8.65
44.9833,7.7333
41.65,12.9167
42.0843,13.5478
37.85,15.3
46.2833,13.1333
37.3833,14.7
45.5339,10.3078
44.7568,10.1403
45.5167,11.0167
44.8393,11.1413
45.7797,12.6086
42.1403,12.5403
44.0079,8.173
43.9333,11.0167
37.8833,14.95
41.2833,13.5333
45.7335,12.094
40.7841,17.2375
45.65,9.4667
44.1167,12.3333
44.7667,10.6
45.3305,12.0483
37.8167,12.8
44.45,11.8167
45.6,10.5333
45.4386,10.6886
42.0667,14.45
44.6986,10.4486
44.9167,7.85
40.5849,9.0033
45.5704,9.7674
37.5833,13.75
43.9691,12.6006
41.8,13.2167
40.4667,17.7333
41.0667,14.2667
40.7697,14.5947
44.4333,10.4
40.7667,14.0333
39.0342,16.9819
45.6333,9.9
44.7208,8.2928
38,13.65
37.7289,12.8894
43.7789,7.6721
45.65,8.9667
38.4,16.0667
45.7667,12.85
45.9,11.9167
45.094,11.4934
44.6167,10.2667
42.2,12.4833
40.4,18.0167
44.7747,8.355
45.9167,9.3167
45.2171,7.6305
44.0167,10.1667
45.65,9.35
43.4,10.8667
38.35,16.0833
45.85,8.8333
40.7833,14.4667
45.6333,11.45
44.6629,10.4739
45.2333,11.8667
45.25,10.6667
38.05,13.3
45.35,9.2167
45.7833,12.1167
39.7197,8.6363
44.7333,11.0333
45.6547,12.2967
45.3167,10.9333
41.05,14.3
44.0763,9.9111
39.5073,16.2811
38.2833,15.8167
46.1167,12.1
43.3742,13.2164
44.5167,7.4667
44.8934,10.901
43.4775,11.6158
41.55,12.9833
45.2167,10.4167
43.9667,11.1167
41.0667,14.85
43.2833,11.2333
43.3146,13.5806
41.2353,13.0956
46.4,13.0167
43.8167,11.0667
39.5,15.95
45.6819,9.5586
40.2644,8.7751
45.3,11.1833
43.9833,12.4215
40.7167,13.9167
40.2667,18.3333
45.3852,12.0074
40.3919,17.4483
44.1333,12.0667
45.7167,8.6333
45.8914,12.3389
44.7667,7.6833
45.3819,7.7106
43.4,11.2167
45.7,9.0333
44.6956,10.5274
45.2586,8.8647
45.65,12.1667
45.5972,9.695
41,16.8
44.075,10.4817
41.002,14.1983
40.8025,14.6944
40.4167,17.8333
40.55,16.6667
43.6399,13.3104
45.75,9.0333
44.6425,11.3486
39.5667,16.7667
37.2594,13.9192
45.7667,9
45.8513,10.9817
45.7,9.85
39.3167,16.2
45.2,8.9167
44.765,11.4833
44.3333,7.55
44.5167,11.8333
42.8333,13.7167
39.9833,18.25
45.3833,7.65
42.9833,12.4167
39.3785,9.1784
44.3621,9.1435
43.2566,13.0096
44.95,12.3167
45.5833,8.6333
44.3167,11.8
44.1625,9.9151
45.8409,12.352
37.6833,15.1
44.8463,10.4486
45.1333,7.8167
42.2436,12.3464
39.2679,9.05
43.5216,11.4864
45.6,11.9333
45.7,11.4333
45.6333,11.95
37.7915,15.2092
39.2628,16.1945
44.6399,10.3818
45.2958,9.7609
43.2567,11.8164
45.6373,9.9336
43.9393,12.7137
43.689,12.8061
45.0619,9.2611
37.4074,13.6189
37.94,15.3625
40.1333,18.1333
45.85,8.7167
45.75,12.3167
46.05,13.2
45.7333,11.8667
37.8333,15.2667
43.4344,13.3503
38.7333,16.1667
42.75,13.8833
43.3114,13.3131
45.9,12.5333
44.9058,7.6725
45.4761,10.24
45.5,9.3667
40.5833,17.4833
39.6167,15.8667
40.2792,14.9517
40.45,17.5
45.5333,9
44.65,7.8667
39.45,16.2833
37.7833,14.6
45.6833,12.1
41.6833,13.0167
45.7,9.0833
42.821,13.6329
45.6586,10.0536
45.5792,8.8025
45.85,12.2833
45.4833,8.95
45.8306,10.0992
45.7333,9.2167
45.4048,9.0349
44.95,9.6833
44.4833,11.0333
45.3167,11.8667
40.6294,14.3996
44.3349,9.2101
44.3896,8.6462
45.5667,9.5333
44.9167,10.8167
39.4228,8.9217
44.95,10.8167
38.6833,16.55
39.8667,16.5333
45.8,11.9167
43.1667,10.6
40.2,18.3
44.7194,11.5331
43.3472,11.5042
46.0667,12.5833
45.7833,9.35
43.0097,11.1683
39.1167,16.7833
43.2333,11.4167
40.8333,14.3667
44.93,10.3758
46.2164,10.1689
40.05,18.1333
45.7375,9.6564
40.9667,14.2333
45.4,9.55
43.4053,11.7706
45.6,11.5833
45.2333,11.4658
45.2833,11.5333
45.35,11.6667
45.85,8.6667
44.1,12.3833
42.3514,11.6078
40.7617,14.6933
45.6833,8.95
46.139,11.1123
42.1892,14.2216
46.2167,13.2167
44.9667,10.6833
45.325,9.14
40.1333,18.2
45.35,11.9667
45.7939,9.6656
41.7469,12.6519
43.8408,10.7475
45.4167,11.2833
41.9333,13.1
45.2865,9.857
43.8415,10.6163
38.15,16.1667
45.75,11
45.4835,10.1745
44.6953,10.2416
41.1,16.0833
44.9667,7.6667
44.6167,10.6
41.55,13.5167
45.1833,7.8333
45.55,9.4333
44.6904,10.8389
45.8833,12.1167
45.3833,7.95
42.4603,12.3861
45.5336,11.9659
45.6667,9.2667
44.6175,11.4717
45.7167,9.7
44.65,11.3833
45.6394,9.6842
41.8167,12.7167
43.7237,11.4507
45.7167,8.7
45.5667,11.3667
45.7,9.3333
42.1435,12.5047
40.3,18.1333
37.9306,14.0883
45.9089,8.6204
45.3167,9.0167
37.6167,15.1
43.3303,11.7308
40.4333,17.7333
37.0617,14.9028
45.5633,9.9783
42.4,14.05
43.6991,10.5831
44.95,7.5
37.9667,13.1833
45.2667,10.7667
45.8833,9.95
45.5167,8.85
45.0167,7.4667
41.0667,14.2833
40.2916,9.5876
39.5499,8.7916
40.5,16.45
45.7,11.5667
42.925,10.9083
42.9833,12.6667
42.1278,12.5
37.1667,15.0333
43.0167,11.95
37.6833,15.1333
45.6,9.55
43.547,12.6473
45.8,9.3833
45.3489,10.3458
40.5908,8.5695
42.2894,12.2147
41.6425,13.474
40.8167,14.5667
45.3667,8.1667
45.9667,12.7667
43.6766,12.645
44.1487,8.2828
38.2333,15.4333
45.3167,11.3833
39.5611,8.9
44.8167,10.5667
45.6667,11.6
45.1833,11.0667
45.5631,10.115
44.9124,10.9826
45.8944,12.5886
45.5333,9
45.95,12.85
45.6,10.8
45.6469,11.8281
41.0587,14.5592
45.6833,9.4833
43.7072,10.6206
44.6303,11.2761
44.2692,8.4361
42.4214,11.8719
45.0435,7.7726
42.8933,12.7617
40.2333,15.2667
45.7167,12.4667
41,16.6833
44.8344,8.0647
44.0994,10.0178
45.7667,11.4333
45.4167,12.0333
38.0422,13.5503
39.3575,9.0083
44.4167,10.8
45.5,8.8167
42.4194,12.2342
43.05,10.8936
45,12.2167
42.3347,12.3003
40.3833,17.9667
46.183,12.2791
45.6858,9.7678
45.4694,10.6061
39.3112,8.9703
37.65,14.5167
43.206,13.6721
43.9333,11.4667
37.7127,12.4996
41.4833,14.4667
45.3258,10.0758
45.6089,9.5281
40.3,18.1667
44.4667,11.95
41.8,13.05
39.4963,16.955
37.4083,13.7347
45.4667,9.5167
37.9333,13.6667
45.7067,11.8069
37.1,15.1167
37.0333,14.7
45.641,10.5045
39.4167,16.0333
45.5786,12.3727
41.4828,13.9022
40.3822,17.3343
45.605,9.6297
41.9567,15.0344
45.6376,11.7522
45.7833,9.0167
40.3833,18.05
45.55,9.5333
44.9333,7.5333
42.5833,13.6333
41.0708,15.0597
45.7853,12.0042
46.0167,11.3
45.6167,8.3667
46.15,13.0167
43.2379,13.5946
45.8108,10.1081
45.2833,9
39.2862,9.2289
37.5417,13.6453
43.898,12.7532
45.0167,9.45
37.6292,13.6417
40.6417,14.4167
41.2,13.85
43.7643,12.8832
40.299,8.4978
45.4667,11.85
40.9167,14.4333
41.05,14.2833
45.6333,8.9
46.0167,13.1667
45.9333,8.4333
44.9833,7.3667
46.1333,9.3667
45.5004,11.5353
44.1891,9.8954
45.6398,10.6076
45.7245,12.331
40.6167,16.9667
45.5969,9.0183
44.5078,8.936
45.1833,8.1
40.96,14.6014
42.1,12.45
45.6667,9.05
40.3833,15.5333
45.2193,10.7561
38.4122,15.9589
44.9209,10.3264
43.4677,11.0432
36.7875,11.9925
43.5614,11.1729
43.7739,11.5047
45.7383,8.9797
45.5617,8.1117
42.1333,12.1333
45.8686,12.6444
44.9167,9.7833
44.2333,10.1167
40.6722,14.7278
45.6833,8.8667
41.05,14.3
45.6,11.95
44.7333,7.3167
40.6333,14.55
37.6167,14.9
46.15,13.2167
42.9539,12.0078
41.85,15.9564
45.7531,8.8744
44.2833,11.1167
45.5833,11.4833
45.3,10.8167
45.4,9.8667
45.4167,12.25
44.85,11.5
37.2925,13.7934
44.2167,11.7667
42.6771,13.8178
45.6333,11.7
45.6911,9.6125
41.0458,14.9997
45.3033,9.4186
41.4145,13.2414
45.5478,8.1069
45.5849,9.9434
42.0992,13.8747
37.6167,15.0167
37.9833,13.8833
45.3,7.8833
43.8167,10.9
41.55,13.6667
44.3833,11.9333
45.8333,13.2
41.1667,14.2167
45.7833,11.8333
45.5833,10.25
45.6333,9.8667
45.7769,8.8869
38.2,15.35
45.1833,9.4833
39.55,16.1167
41.1833,14.1
38.05,13.15
45.4133,9.4336
42.4347,13.9836
40.5833,15.6833
45.8739,11.9475
45.5847,9.4158
45.95,13.4667
44.6667,11.1333
45.3194,10.6594
43.95,10.1833
41.9747,12.8672
45.6506,9.3785
42.0236,12.8069
44.1412,9.8849
45.5167,11.8333
46.3167,9.4
42.5875,11.515
45.8,13.5
44.8167,7.25
45.75,8.9
42.7656,10.8808
44.8333,10.55
43.1667,11.7667
45.5667,11.9
43.8167,11.4833
37.2742,14.7933
45.3333,9.1
38.2,13.25
41.1833,13.9833
45.5333,8.7333
45.3473,10.8806
45.35,12.1
43.5277,13.5526
40.2833,16.5667
43.3169,13.6354
39.6167,16.15
45.6333,9.9833
41.8333,15.7667
44.3761,9.8799
45.7,11.8833
44.0833,12.3333
40.7899,8.5952
37.65,14.6333
45.3456,12.0072
45.6179,9.9625
40.9333,14.5333
40.5556,14.2403
46.2097,11.0978
41.6471,13.6115
45.5517,10.7214
45.8138,8.2581
44.2931,8.4103
45.6667,11.8333
42.8887,13.7731
39.9667,18.1333
43.8954,12.2904
45.2722,10.0917
45.3,11.9925
40.4333,15.2
42.7261,13.6861
38.3833,16.4167
45.4196,11.2459
40.033,15.3699
43.4275,12.8565
45.1953,8.2961
40.5333,15.1333
43.3637,13.4359
43.6678,12.5221
43.2342,11.5608
44.7131,11.3083
44.9,9.6
45.35,10.9333
40.2833,18.3
38.3333,16.3
44.4667,7.3667
45.6,10.0667
43.0667,11.8333
40.3797,9.6942
45,10.85
45.3833,12.05
41.0833,14.1
45.0333,10.9167
44.8825,10.1558
37.0333,15.0667
44.837,11.0307
44.6475,11.5353
40.4667,17.4
45.1667,11.75
45.8,9.4167
45.95,12.4167
43.9167,12.65
40.271,9.4028
45.65,9.1333
40.25,18.2833
46.3667,11.0333
38.1667,15.2667
44.5,7.5833
42.75,13.8
40.1333,16.2833
43.9797,10.5467
45.1342,10.9524
39.6667,16.3167
45.3667,8.8
40.0902,18.2999
43.7931,7.6439
45.8333,12.3833
41.3,13.8167
40.85,14.875
43.7534,12.8976
45.6667,12.5333
40.5514,14.2167
45.9222,12.3614
45.5053,10.7325
46.8931,11.4296
43.1333,13.0667
45.5667,9.4167
46.0512,11.4576
45.655,13.0931
38.1667,14.9
40.9667,14.5667
44.9794,10.0433
39.3809,8.9413
45.9681,13.1969
42.2578,14.0597
43.8489,12.7909
40.5667,15.7833
44.4833,9.7667
45.25,7.5833
37.3369,13.9975
45.4,9.5
45.3667,9.1167
44.3333,11.2
45.6203,8.7636
44.5069,8.8918
44.792,11.3869
45.7089,9.5478
43.95,12.2
43.1007,10.5388
37.4,14.1333
45.4,8.7833
46.1,13.1333
40.15,16.5333
43.6005,13.2711
44.4167,7.4333
46.0839,12.0432
44.9206,12.23
45.7217,9.735
45.1333,9.1
37.75,13.6
39.291,9.1853
42.0694,13.2547
40.65,15.0167
38.6078,16.0675
45.0704,11.1364
45.4333,8.8833
43.1307,13.5371
45.7167,8.8333
38.8267,16.3139
42.3833,12.95
45.8381,9.0758
39.9167,15.7667
40.0667,15.6333
45.0167,9.1333
41.7842,14.1085
39.95,18.0833
42.65,13.9
41.3667,15.7
45.6667,9.95
45.7061,12.4913
41.8,14.9167
45.8333,12.2167
45.75,9.6167
41.8606,13.0319
43.0256,12.4342
45.7167,11.4667
45.5333,8.85
42.2478,12.2158
45.4667,11.45
44.9775,11.1192
46.0736,8.2669
41.95,14.7833
44.8667,10.8
38.5833,16.3333
40.3539,17.7358
38.3,16.3333
45.1167,10.5333
44.359,11.6277
44.6811,11.2967
41.0333,14.3333
45.1,8.7333
40.7167,14.8667
40.45,17.9167
45.7039,9.7192
46.5333,10.1333
43.2678,13.3481
40.2833,15.7
45.45,11.3833
37.95,13.4167
37.9,12.85
40.4667,17.9667
39.4933,8.6629
45.6333,9.0833
39.2667,17.0667
41.3333,14.1333
40.9667,16.0833
45,9.7833
46.2122,13.1169
45.6,11.6167
44.6,7.4833
38.4167,16.1
44.9,10.6333
41.7833,12.8833
41.5,13.7333
45.1833,9.7833
45.2672,12.1014
45.7333,9.4
44.5667,11.0333
45.0667,12.2333
40.8833,16.95
45.8833,13.5
38.3167,16.4
40.2485,16.2705
38.0513,13.0072
45.8667,11.5167
42.2585,12.1728
45.1167,7.4
45.3,9.2333
45.57,8.8664
43.7244,10.5192
44.6925,8.8817
40.4833,15.1167
42.2672,12.6886
45.7431,9.4708
45.3167,9.2667
44.2833,11.2667
43.58,11.8722
39.8833,18.3333
44.0556,10.7908
45.85,12.8167
43.59,10.6697
42.25,14.4833
39.0833,16.7833
45.6667,9.25
45.0667,7.4167
41.8667,15.35
45.5833,11.8
45.6203,12.4559
41.8667,12.8167
45.1333,7.05
45.9667,12.45
37.6928,13.0211
45.6833,9.4333
42.8831,11.6706
44.7667,7.7833
41.35,13.35
38.6781,15.8969
45.7,11.2333
46.1167,13.0833
45.15,9.1333
40.2667,17.9
45.3167,9.9833
45.8322,12.0081
41.7167,16.05
38.0308,14.8242
40.6333,17.6333
44.8488,11.0714
45.4982,8.8764
45.7489,9.5797
45.35,11.2833
45.8,13.4667
45.1667,9.3167
41.9578,13.5353
37.6311,13.6322
45.7833,12.9167
45.5833,11.4
43.4772,13.1192
46.6283,10.7681
37.9833,15.7667
45.8833,12.1333
39.145,8.3054
45.5667,8.8833
45.6,9.75
45.3833,7.8833
41.2156,15.5578
39.9413,15.8052
38,13.2833
44.6333,10.4333
38.55,15.9333
40.8775,15.1886
43.7358,11.7617
45.7393,8.7808
39.3211,8.6531
38.1,13.1667
45.65,11.5
45.9833,13.4
44.8167,10.8
44.7167,11.1
45.7333,8.9
45.6833,12.6333
45.65,9.0333
45.3333,11.7333
44.3333,11.4
41.1667,14.2333
45.8333,12.0333
46.0833,13.3167
42.15,14.5833
45.0035,11.2929
38,15.7
44.9667,9.8333
45.3167,9.2
37.1667,14.75
45.8833,12.4833
41.9613,13.4685
39.3167,16.05
42.4667,14.0167
45.4353,9.3522
41.55,13.8667
44.05,11.15
45.25,7.7833
45.9286,12.3969
45.3833,9.7333
44.75,11.9333
39.1109,8.5225
45.3167,10.5833
45.5333,9.6333
44.9711,7.7744
44.6833,10.1
40.6736,14.5125
45.3365,11.2466
44.0094,10.5794
44.7225,8.8603
40.05,18.3833
40.9144,8.7128
45.6212,9.8003
40.0667,18.1667
44.7667,7.3167
46.0622,12.0798
42.9167,12.55
41.2,14.1667
37.4538,13.8805
45.8167,11.8
41.8333,12.9667
46.0167,12.6167
45.0833,10.8833
44.1219,10.4056
46.1833,13.0667
45.5401,10.7705
43.0592,11.4892
45.4833,9.4667
45.1583,11.3531
43.8333,11.9667
40.6333,15.6333
43.9099,8.082
40.1,18.0667
43.5867,11.6286
40.15,15.1833
45.7167,11.3167
46.5381,12.1372
45.7,8.8
37.6478,13.1111
45.2914,8.5922
45.6,10.45
38.8167,16.4333
45.1411,7.1475
44.785,8.1819
45.5667,11.6167
45.5833,9.8333
46.6502,11.0084
41.2833,15.7667
40.15,18.4833
44.35,7.7667
41.0203,16.9292
45.3333,9.0167
45.4833,9.8833
44.3833,8.0333
40.1667,18.25
38.1562,14.828
39.1833,16.3167
45.6225,13.8578
45.55,11.8167
45.8333,12.4667
44.8,10.4667
41.7333,15.2667
40.0667,18.05
44.3331,9.3725
45.5828,9.6692
43.8833,10.7167
41.0734,14.0254
43.9668,12.7563
43.1833,12.1333
45.7333,11.3833
43.1167,12.7833
42.15,12.25
43.2997,10.8736
45.5833,9.6
40.85,16.0333
45.6667,8.7333
44.9428,7.9383
45.1875,9.9969
44.9167,10.2333
45.4833,11.6167
40.4,17.95
44.2833,11.7333
39.1883,17.0042
45.75,9.5875
44.95,9.7333
41.5833,13.5833
38.05,14.5833
45.4667,8.7167
40.2667,18.1833
45,9.6167
45.2231,11.6111
45.1667,11.2
44.9667,7.6
43.7297,10.5867
44.8361,10.7547
44.8,8
45.75,8.4333
44.7167,10.2333
44.8565,10.1762
43.0333,12.1
45.7369,9.6153
45.4194,10.075
44.9,10.5167
37.4058,13.7011
42.1151,14.2906
45.6667,8.1667
40.5,17.3833
41.1167,14.9333
42.8908,12.6483
45.6667,9.0833
46,13.3
44.0966,8.2321
38.0788,12.6751
40.6486,14.6389
44.3333,7.6167
43.8151,7.6284
45.7,8.7667
45.0066,10.9805
45.3167,8.75
45.7667,8.5833
44.571,8.9453
38.6833,16.4
43.5417,12.055
44.3579,8.2906
38.65,16.4833
40.3744,15.8261
41.0759,14.231
40.8167,14.7
45.5833,11.8667
43.9,11.5333
44.15,11.15
44.6353,11.4189
44.7833,7.3833
41.1833,14.3667
44.9333,10.9167
46.2167,11.1167
45.65,8.8833
39.1667,16.7833
45.348,9.9682
44.7167,7.6833
45.5167,8.9
44.75,11.4
40.1333,15.7667
42.7447,11.865
45.2544,9.1279
39.8891,18.3675
46.1167,13.2833
45.1,8.9
40.1877,18.2074
45.9,13.3167
40.4833,18.05
42.3275,12.2367
38.7167,16.5
45.8117,9.9031
41.2392,9.1888
45.5833,8.7833
44.3273,8.5031
39.8787,9.5415
45.75,9.2167
40.339,15.6563
41.0273,14.4977
37.6233,14.7395
39.85,16.45
45.3167,11.9167
43.0249,13.8589
40.8636,14.7369
37.9667,13.1833
45.15,11.0833
44.9,10.55
46.0167,13.1
41.25,15.7333
40.75,15.4833
42.82,13.8169
45.8667,12.4333
37.8428,15.1419
46.1,12.1833
45.1,9.9833
44.9308,9.0142
42.1333,12.7333
40.1833,15.1167
40.95,14.5333
45.8167,10.0333
41.5,13.7
45.8667,8.9
42.7833,13.8
42.0988,13.0886
43.2833,11.6
44.3484,9.1558
45.7167,8.8
38.9833,16.2
39.6833,15.8167
38.3,15.9833
41.0167,14.9
45.0833,9.9333
39.9,18.2667
42.465,11.7519
39.0658,9.0102
45.8167,8.6167
45.7,11.5333
38.9333,16.85
37.8228,15.2278
40.5167,15.5
39.4196,9.5763
45.2,10.6333
40.9333,14.6333
42.3,14.45
46.6879,10.5465
45.2327,7.8549
46.2667,12.3
45.7333,8.8
37.6,14.0333
45.9264,10.2517
41.6167,13.4333
41.9167,14.9167
45.7667,12.2
45.4667,11.1833
40.3228,17.5736
42.4664,12.1733
45.15,10.65
46.64,11.5657
45.9333,12.25
40.4333,17.4667
45.4619,10.1778
40.1,18.1167
45.8125,10.07
44.0644,10.5264
46.6167,10.8667
40.0735,18.0987
40.6167,16.15
45.8,12.1667
45.2333,12.0667
39.8333,18.35
44.9814,8.8822
45.3167,11.2667
46.0667,8.7
45.3333,7.6833
45.2848,9.1407
45.55,9.8167
45.2928,10.2734
44.3421,8.5456
45.5833,9.4833
45.85,12.7167
37.9,13.8167
44.4572,10.9719
44.85,7.5
41.9736,13.4
40.0667,15.3167
45.6397,9.5064
43.9107,11.28
42.3044,14.1806
44.7844,10.5328
45.3231,11.3244
38.1833,16.1667
39.4815,8.9053
39.2049,8.3805
40.6333,14.6028
45.7333,9.3167
39.85,18.3667
45.8167,11.9833
45.95,12.35
37.6333,14.4167
45.6833,8.6
39.9928,15.7167
37.2664,14.6911
45.5167,11.2333
45.85,9.2667
38.4919,16.0811
40.6333,16.2833
45.6,9.4167
46.1298,11.2446
45.8232,12.5356
46.1167,13.1833
45.8,9.8333
38.4333,16.05
42.8333,13.8333
38,15.8667
46.6833,11.1333
45.6333,9.85
42.65,12.4833
45.7167,9.2167
45.0667,11.9
40.7667,15.5333
42.9333,12.6167
45.7,8.8667
45.2667,7.4833
43.4878,13.1458
41.8104,14.3785
42.15,11.9333
44.643,10.2994
45.6667,9.3667
39.65,16.3333
42.0333,12.7167
42.6131,12.547
45.6662,8.9044
38.2333,15.3833
45.4833,8.9167
40.25,16.4667
38.4867,15.9197
45.75,8.75
46.0333,9.1333
45.95,13.1667
45.7333,11.6833
39.2665,8.4717
42.9353,13.692
37.7667,12.8833
45.35,11.6667
45.6833,8.3167
45.4,11.75
45.7906,12.3947
38.6261,15.8656
40.3403,15.5655
40.1,18.3333
45.2253,7.6556
45.6667,8.6333
41.25,14.6
45.5167,11.1667
44.2667,10.0333
42.7719,13.6667
45.8836,8.5394
40.75,16.2333
46.15,13.2333
45.6833,8.7333
41.3427,14.6689
45.3436,11.3523
41.0266,14.6654
43.6489,13.0479
40.6333,15.3833
43.9389,12.7713
42.7933,13.0939
38.25,15.7167
45.9,8.5
45.35,9.6167
45.3833,10.7
45.5761,9.6142
45.45,8.9833
45.5333,8.7667
42.1708,13.8317
41.1833,14.05
43.5333,10.95
39.534,9.131
42.2253,12.19
45.1833,11.4667
44.2,10.9333
44.7667,12.1333
41.6333,13.4
45.1833,7.9667
44.927,10.1222
45.2731,12.0467
42.0667,14.6667
45.8333,9.6667
37.5833,14.1667
41.6167,13.2333
40.9322,15.9814
38.9667,16.7833
45.9586,10.3056
46.0744,12.1344
39.751,8.6383
42.5,12.6667
42.8908,11.5394
39.4925,8.9765
39.8807,8.6092
40.75,13.8833
37.4167,14.45
44.1091,8.2414
43.5434,13.386
45.8667,9.65
44.1333,10.0167
39.0333,16.15
45.6833,9.3833
45.6611,9.9533
45.4667,9.9167
43.7672,13.0731
45.6833,12.7167
45.45,11.7167
37.3333,14.45
37.5667,14.6833
45.85,8.6833
42.3594,14.2925
41.8667,15.0167
45.55,8.8167
39.9833,18.3833
39.9381,18.2984
45.2562,10.2945
41.4167,15.0167
40.9536,14.6175
41.25,14.3333
41.5167,13.4
45.05,9.8667
44.5333,7.95
44.2956,9.95
43.55,10.7167
45.1,7.3667
45.9,13.2333
39.4392,9.5761
37.7215,13.4312
45.7803,8.7938
44.8147,7.9548
44.9833,11.9667
38.1667,12.75
44.9833,7.8667
42.9833,11.8667
44.9,9.9667
45.9667,12.3667
44.4,11.8167
41.2667,14.1833
44.8667,9.6333
44.7961,8.7858
42.5075,13.6578
45.8447,10.1519
45,9.9333
42.6907,12.5463
45.9197,10.2253
45.15,8.95
38.0167,14.35
41.7667,14.55
45.7,9.4833
45.1889,10.9756
45.75,7.6167
39.9167,18.25
45.2197,9.6953
45.8167,12.7333
45.8167,9.85
37.9333,14.3667
46.05,12.8667
45.4833,9.35
45.5083,10.5164
44.85,9.8667
45.75,9.45
37.1833,14.1833
43.446,13.1174
44.7833,7.5
45.1174,7.3095
45.4099,11.5397
42.436,13.2989
44.3473,10.9904
39.5,16.15
41.8281,13.1417
44.8244,7.3064
45.0167,9.5667
46.1475,8.2961
44.1197,11.3819
45.8489,10.5803
45.6,11.7333
45.75,7.65
38.15,15.2833
40.9031,15.4314
43.1859,13.4808
45.25,11.35
44.9167,7.75
39.3,16.35
43.5253,13.3941
46.1789,10.33
43.8333,10.7167
42.197,12.3084
39.0167,16.7333
45.4761,9.6893
45.7667,12.2167
44.8203,7.2233
42.8979,13.794
46.7404,11.6346
45.4667,9.6
43.6058,10.7728
37.3103,13.4628
46.3167,11.6
46.1667,10.0667
45.7,9.1167
38.5,16.5
38.5919,16.0017
42.3847,12.2775
45.1333,7.5833
43.5256,10.6808
44.8461,8.5783
40.6644,8.7453
45.3717,10.0236
37.5,14.65
37.6242,13.4914
45.8289,11.8373
43.2091,13.0546
45.6833,8.3333
44.4333,11.6833
45.7072,9.4992
45.1833,9
41.95,16.0167
45.3084,8.021
44.5111,10.5025
45.7803,12.4197
42.2,13.2333
45.6332,12.0867
44.1667,11.8
37.705,13.26
45.3257,9.355
37.3356,13.4225
44.3782,9.0698
44.3667,11.85
40.12,8.835
38.0925,14.6792
46.0333,11.8833
38.0833,14.7333
45.6102,11.6779
44.3833,10.5667
46.3,10.2833
44.4833,7.8833
38.7333,16.0333
41.6,13.0833
40.0833,16.0167
39.85,16.1333
43.6167,12.6712
41.9,15.9
37.5833,14.2667
40.0167,18.25
40.9238,14.5824
46.5293,11.2487
45.6228,9.6636
45.15,10.3833
44.816,11.8947
40.1,18.45
42.2,14.35
39.7,16.1333
42.6897,11.3347
45.2167,11.8333
44.0673,9.9575
44.6082,8.9552
46.1667,12.6667
40.6633,8.5408
43.5423,11.1715
43.0167,12.4833
39.3354,8.9149
40.9833,15.6667
45.65,12.4333
39.2333,16.25
37.9333,12.3333
45.2904,11.5025
45.9725,12.2339
45.2833,8.0833
41.7167,14.9833
43,12.5833
46.0341,12.6785
45.4833,11.25
45.15,11.8833
43.4833,12.9396
45.308,11.7313
42.8722,11.5375
41.4667,13.3333
45.6906,8.9308
42.1667,14.5
45.8333,9.2333
45.2158,9.5003
45.3667,11.5167
45.7,10.4
45.5822,11.7064
44.9167,9.6667
45.4833,11.7
44.2667,11.3167
45.8764,11.4628
45.5,8.9
38.0917,16.1516
45.8489,9.3763
45.7794,9.8258
38.1304,13.2355
44.6,10.55
44.65,7.3833
45.1071,7.2723
44.995,8.5669
45.7,10.2167
44.9461,12.1249
45.495,9.5994
44.727,10.9986
43.0002,13.7625
41.1833,9.3833
46.5,13.5667
41.3,13.8333
40.65,15.4
37.9333,15.9167
40.9333,15.1833
42.3833,14.2
44.9618,10.2582
44.2167,11.2333
43.3641,13.3464
46.4667,10.3667
40.35,17.5
42.85,11.6833
38.5667,16.0167
45.3333,9.2667
40.2047,9.3526
39.3938,9.0747
40.6511,8.3797
45.8833,9.9833
42.1333,12.1
45.6475,12.5123
45.7333,9.0667
37.9646,13.456
44.9992,10.4897
41.0081,14.7822
40.0833,16.2
45.1333,11.75
45.7167,8.8167
40.8869,15.0839
46.1667,9.75
43.496,13.3107
45.7333,12.5833
41.5667,13.4167
45.4667,8.8333
45.5432,10.8818
45.3,7.9333
42.25,12.6833
40.15,18.3167
45.8039,8.6725
45.5,9.5667
43.95,11.9
39.685,8.777
45.5725,10.6717
46.3333,10.3333
45.6661,9.6314
44.3727,9.1042
40.4,16.2333
45.8167,9.6
37.9706,15.39
38.85,16.35
45.3833,10.1167
44.7614,7.5363
45.0167,11.3167
41.75,15.8417
41.0833,14.55
41.15,14.4
42.3454,14.3236
45.7333,10.95
45.4833,9.4167
46.2822,12.0344
45.5,9.7667
40.5167,16.55
45.3167,9.1
40.9222,9.1947
44.9817,8.8103
38.2667,15.8667
43.526,13.616
42.4542,11.4225
45.3092,10.3233
41.2333,14.5
46.2906,11.4593
43.6647,12.413
46.0667,13.4
40.75,15.8833
45.7579,8.2657
44.8833,10.85
42.1569,11.9047
40.15,18.2
45.3333,10.5167
42.0264,13.6589
40.3333,18.1
45.9,9.4167
42.35,14.2333
41.5833,12.9667
45.9333,13.1167
44.9167,7.25
42.4144,12.3475
42.75,10.3833
39.6139,8.8215
45.2333,8.0167
41.3389,14.5086
46.6167,10.7
46.0833,11.1667
37.9167,13.9333
42.4667,14.1
37.8167,12.8667
40.4167,15.7333
45.1829,11.1515
46.0167,13.3333
44.4567,10.5206
40.89,14.8217
45.7486,9.9063
39.8414,9.6472
46.0833,11.9833
38.2199,15.3667
44.9667,11.6
41.5333,13.7
44.8167,9.8167
42.0178,12.8969
37.8067,15.1792
45.5167,8
45.8167,10.95
39.4667,16.1333
45.5444,10.385
42.3223,14.0456
42.6447,11.9858
45.8093,9.5373
45.1667,10.1667
45.8,12.6833
45.4,8.9667
40.6667,15.3
39,16.1667
39.6964,9.5789
37.8167,13.8833
38.2,15.4333
40.2,18.3
38.1617,14.8611
40.24,15.86
40.6278,14.4819
44.7,8.2333
44.425,10.9631
45.2667,9.2167
42.0076,13.6238
44.9667,11.75
39.7728,8.5813
45.65,10.4333
45.2667,7.5333
42.8333,12.5833
45.25,9.9667
40.1188,9.2536
45.6333,8.3833
46.7835,11.9031
42.4167,12.7667
42.9081,10.8508
41.1667,14.8833
45.1333,11.8667
45.9333,12.4167
41.8,15.1667
45.8964,8.6649
38.95,16.5
40.9833,14.85
45.45,9.5667
45.45,7.85
45.0333,7.4167
45.6833,9.45
45.7167,12.6167
37.9015,15.1359
45.2667,11.7833
41.2853,14.5597
43.3411,11.0485
45.8231,10.464
40.5782,9.2582
40.6944,14.5278
45.3667,9.5333
38.2167,16.05
40.5667,17.3333
39.5667,16.05
45.2894,11.7796
45.4833,11.2833
45.35,10.6
45.9167,11.0333
42.2167,14.2833
42.1578,12.1378
37.8333,14.8667
45.4833,10.05
41.0131,15.3756
45.95,12.1167
42.0167,14.8667
44.6167,7.4833
42.3739,13.2558
45.25,11.0833
41.3833,13.6833
45.5167,8
42.9447,13.8135
45.2167,8.8667
42.3458,12.3564
45.9367,10.2942
46.4333,12.3667
44.9329,7.6101
45.0333,7.45
45.7333,11.55
41.1833,14.55
45.4333,9.9833
45.55,8.1167
45.95,13.1333
44.7522,8.1514
43.5422,13.0377
43.2068,12.0746
45.9,13.1833
46.0139,12.9747
44.4369,10.6908
43.5136,13.6216
40.05,15.4333
40.7667,15.9833
44.5736,10.4553
45.3333,10.05
44,11.9333
42.6344,11.6683
40.197,18.3384
45.1208,11.4108
45.5167,11.6667
45.9875,9.2619
42.8723,13.8699
39.7667,16.15
44.8518,12.2959
42.7833,12.5167
45.25,12.0167
42.7667,10.4
40.6894,15.2311
44.3517,9.3441
46,11.2667
44.0667,10.4333
45.7667,8.6167
43.6741,12.9683
46.6842,11.0733
41.2167,15.3833
45.73,12.5813
41.4667,14.7167
39.1422,9.5206
45.8833,13.4333
46.15,9.45
38.15,16.0667
45.3731,9.5883
45.1724,9.4487
44.2271,8.4192
43.3197,12.9848
37.9,13.5667
42.8781,13.7482
44.5036,8.712
44.7667,11.75
42.3667,12.4833
44.2167,11.3167
45.8667,12.0333
45.7667,10.8167
40.95,14.5667
40.0167,18.3667
44.1531,9.7639
43.5667,10.5167
37.9947,15.4128
37.4419,13.3928
41.0122,15.1006
45.5889,10.0775
45.0667,7.8167
44.3667,10.45
42.2657,13.9967
41.8961,15.8653
41.0325,14.5958
45.4,8.0833
44.3167,7.6833
38.7833,16.5167
42.2333,12.5167
39.3333,16.3167
44.5453,7.8331
45.2833,10.8833
43.5533,10.9117
41.2833,14.4833
46.0333,10.7333
45.8506,10.1619
39.4419,9.5404
42.0925,13.3647
44.7667,11.9333
41.1667,13.95
38,13.9333
46.0333,13.3
45.1833,11.8833
45.7833,9.3
42.63,12.0892
44.5278,8.9152
44.5833,10.3167
38.5667,15.9667
44.9611,8.935
40.1,18.4333
40.0309,9.6643
44.9167,7.4833
45.5167,7.8667
37.6183,13.4405
42.6667,13.9167
45.6,7.8
44.65,8.0333
38.0128,14.5974
41.1967,15.0342
40.7333,15.2833
44.7715,9.3864
45.8667,9.2667
43.3443,13.5676
42.9667,12.0833
45.6,8.4167
45.2,11.7833
42.9801,13.3575
45.6167,11.0333
45.1833,9.2667
37.5757,13.2186
44.8094,12.0145
45.4069,10.6339
45.4333,9.7
43.2745,11.746
41.3,14.45
45.0333,11.8667
46.8128,11.2458
37.9639,16.1011
39.2757,8.6406
44.05,9.8333
40.7167,15.6833
45.6833,11.3833
42.5989,11.2931
40.3,18.1167
37.7167,14.5333
37.5955,15.1095
39.9667,18.3167
37.7833,13.7167
43.4945,13.0809
38.4536,16.5531
45.8167,12.6833
37.75,13.8333
40.4162,17.3886
39.3167,16.1667
46.6111,11.8944
44.6,7.8667
45.4167,9.3833
43.5092,11.7192
45.9381,9.93
45.8833,13.2833
45.35,8.1667
45.0781,9.1312
38.6667,16.4667
45.2667,11.9333
45.45,10.0833
40.9167,14.55
42.3,13.9667
41.45,15.9667
43.5,12.1167
44.7167,8.1167
44.3667,7.65
45.7833,9.9667
44.3,11.6333
45.9167,8.4167
45.0667,12.2
43.4116,13.4387
43.9667,10.4167
45.1333,10.3667
41.8098,13.5598
44.3877,8.2085
43.1068,13.794
42.9,12.4333
41.0078,15.0733
40.8792,14.6331
39.5667,16.3667
43.7799,12.4972
45.4968,9.6773
45.9667,8.4
45.4833,7.8667
40.8153,15.2242
45.1,11.6667
45.8,9.2833
45.7833,12.3667
45.9,10.0333
44.1667,11.0333
44.95,10.6333
43.9167,12.15
41.6833,13.55
40.5597,15.307
41.1833,14.6833
43.1667,12.6
37.5214,13.4344
41.3,13.9833
45.5833,10.55
45.3333,9.7
44.0423,12.3187
40.4167,8.7667
39.0937,8.7149
45.2792,10.3728
37.6833,13.8167
45.35,7.5833
46.13,9.2817
45.7167,7.2833
43.1078,13.3167
43.5636,13.2502
39.25,16.2167
45.6667,9.8
39.1333,16.8667
39.6667,16.3
45.7167,10.1167
41.05,14.7667
45.0333,6.8333
45.734,9.5064
44.5,9.6333
46.7324,12.2785
45.3167,7.8167
40.3333,15.9
46.7344,12.2229
44.5667,7.4833
45.3167,9.0667
44.5437,10.6216
45.3094,11.956
43.111,13.6009
40.6333,15.2333
43.1077,13.4733
44.6667,7.7333
45.2667,9.1
45.8428,9.0472
40.3833,15.7333
44.3644,8.2059
45.8167,8.7167
40.1064,16.5949
44.2694,10.9458
38.2333,15.9167
37.9614,15.3819
42.6819,11.7142
40.1,15.5833
41.5,14.5833
41.2667,13.4333
41.5333,14.6667
41.8833,12.9833
37.9,13.4833
45.4167,7.6
45.7667,13.3667
46.55,12.4333
41.3108,14.8806
43.8006,7.7177
38.9667,16.5333
41.5,13.55
39.1667,8.6833
41.1601,14.6718
42.2733,12.0325
37.7833,14.05
40.9625,14.8847
45.95,12.1
44.8927,7.4936
46.8333,11.95
38.0167,14.4333
40.9319,14.5532
45.1667,11.9667
46.1667,9.65
44.5019,10.6047
40.719,9.1015
44.9,9.05
41.25,15.35
46.1333,9.4667
45.7856,11.4269
43.6049,12.9462
41.6333,13.2
45.3167,7.5333
39.85,18.3167
37.85,13.7667
42.8233,12.6722
37.8,14.1
37.8119,13.9992
44.2833,11.5833
45.8333,8.65
45.8333,12.7833
37.9,13.1
40.1,15.55
38.6667,16.0333
45.6167,8.15
44,12.3
42.1167,14.5667
43.2694,10.5944
45.8164,9.8667
44.9333,11.55
43.0356,13.3007
45.6,8.05
44.9167,10.4333
45.9,9.3333
37.8601,15.2215
45.71,7.226
37.51,13.5264
44.9472,11.7611
44.95,7.2
40.8833,14.9167
45.4853,9.7889
46.0432,9.3061
45.0518,7.3006
37.2833,14.4333
40.9425,14.8506
45.0417,7.9642
45.1833,9.9167
44.8167,9.2
44.7833,11.1333
45.3547,9.3753
40.7,16.0167
46.0167,11.8
39.9585,9.508
46.1167,10.3167
42.995,11.2817
43.6037,13.0573
41.3833,13.8833
45.7333,10.1
39.3,16.1833
39.7924,9.5177
43.9333,10.7667
41.6,14.45
43.6875,10.6628
45.9833,13.45
45.75,11.2667
42.4333,14.05
42.3,12.6
45.15,7.5333
39.3167,16.3167
45.1333,9.05
41.9169,13.4278
45.65,11.6333
39.05,16.35
46.05,9.15
41.5833,13.25
45.9167,11.1833
41.4,13.9833
45.0783,6.7039
45.3796,11.209
46.1938,11.1346
46.0333,12.5
45.8,11.35
45.55,10.9167
44.9053,8.9236
44.0167,11.0833
40.7167,13.9
42.1667,12.85
40.8342,15.0733
43.1333,11.4833
44.5348,8.9989
45.2667,7.5167
45.9833,11.0833
45.1683,9.7625
44.2,8.0167
37.8828,15.1225
39.2833,16.1833
43.4714,11.6867
41.4,13.7667
42.2056,12.3975
41.5167,13.1833
43.6725,12.0422
46.1333,12.0833
45.3833,9.7833
41.0192,15.0214
42.7167,13.0167
45.4833,11.3667
45.2667,7.7667
46.0167,9.2333
39.0167,16.4
38.3539,16.2725
41.6167,14.6667
43.0833,10.6833
37.4667,14.5333
39.1167,16.9667
37.85,14.4833
46.7966,11.6675
41.0833,14.7667
45.2833,11.6333
41.2,14.85
43.6534,11.788
45.5,10.8
45.4333,11.5833
45.2,7.5667
43.4813,13.138
38.7,16.15
37.15,14.7
42.9572,13.4146
45.25,11.6833
45.7453,9.4817
45.7667,8.3833
45.2167,9.3667
40.8669,14.7797
43.8728,12.6686
44.0833,11.6167
45.9775,12.3853
45.1,10.15
45.4833,8.8167
38.0833,14.8
42.1833,14.5333
45.8667,13.4833
45.9172,11.0635
41.8421,13.0952
40.5822,9.11
44.9128,8.0328
42.3,14.1333
38.3833,16.1
42.2333,13.9333
46.5346,11.3297
46.1599,10.766
45.35,11.4667
40.9833,14.8333
45.6167,10.6833
41.0167,15.1
39.0833,16.3667
39.4236,17.0033
40.3167,15.7833
45.25,11.8167
45.106,7.4833
39.4386,8.4986
42.3831,12.2328
44.75,7.8
37.6667,13.6
39.9476,8.9408
40.0361,18.4554
45.5722,10.3667
38.0507,16.1332
39.45,16.6167
40.7436,8.6711
37.5167,13.7
45.2814,9.3606
43.8039,11.7094
37.65,14.45
38.1167,14.8833
46.2,10.1333
40.6313,9.7198
38.5667,16.5333
45.2,10.5833
45.0086,10.2198
46.0002,12.339
45.0511,8.2664
41.3333,14.1667
40.0167,18.4
37.05,14.8
39.35,16.2833
46.0448,12.0216
45.4694,9.6208
39.8833,15.9833
44.7508,8.5289
37.1,14.7667
41.2667,14.9167
46.3167,9.4
37.7033,12.9867
38,14.15
39.75,15.9167
44.2124,10.7966
39.2333,16.0667
41.0789,15.1486
45.9,8.9
46.2893,11.5113
39.9667,16.0833
45.2683,10.2183
41.3,13.7333
40.525,8.7164
45.7333,9.3667
41.1333,14.45
45.2167,10.25
40.8165,15.5404
41.1833,14.65
42.0167,12.8333
44.4333,11.8667
45.8,12.6167
37.35,13.7511
44.55,7.5333
46.1667,13.1833
46.6671,11.5971
41.6167,13.55
46.0508,11.41
45.8399,8.7468
40.2667,18.2667
39.95,16.5833
45.8333,13.4
45.1667,10.4333
45.4667,8.0667
45.8,13.0833
40.8167,15.7
42.2333,14.0333
44.5381,8.6978
43.8964,12.3433
42.5653,11.8269
45.8833,8.6833
43.8375,7.8819
37.8667,13.4667
42.7553,12.0017
43.7374,12.9458
46.2333,13.15
46.15,13.35
45.4,9.6333
39.8169,16.3956
37.5696,13.4535
45.7333,8.45
46.25,13.0833
45.6833,10.6667
40.95,14.6333
46.1735,12.9824
44.0322,12.3562
45.7833,9.0667
43.4692,11.2886
45.75,9.4167
45.35,9.7167
45.0667,9.4833
40.6277,9.6782
45.8,13.3333
41.3167,15.6333
42.2967,14.3261
41.8833,13.0333
39.9,18.3667
45.6667,11.3667
46.8081,11.8387
44.8833,11.9833
45.8167,13.45
44.7,7.9333
37.8833,15.3
45.8167,13.2833
42.8667,12.0167
39.6982,8.7015
39.3167,16.3333
37.9833,14.2333
38.05,14.9667
42.3744,12.3997
39.2333,16.35
40.2179,15.1771
45.8167,9.4167
43.0974,13.8409
45.8667,12.1
40.4667,15.4833
37.9167,13.7667
46.05,11.75
45.5667,11.4667
45.2267,11.5339
40.9161,14.9983
40.475,9.3817
46.4045,11.3195
44.2386,9.4903
44.75,7.9
42.0642,13.34
45.8333,12.8333
45.6333,8.5333
45.8583,12.9278
39.5833,15.9
40.6,15.5
39.3445,9.3599
42.7692,13.4094
45.8,13.1833
41.1333,15.5167
46.15,9.5167
43.7806,12.7335
44.6333,7.9333
45.6494,11.6744
45.7833,6.9667
45.9433,10.2783
38.1167,15.0833
43.819,12.2666
38.1667,15.35
45.7833,9.1833
42.1033,13.8156
39.4667,16.8333
44.5639,7.4547
37.6833,13.2667
45.3008,10.2086
41.4,15.2
44.7783,9.6086
43.4667,11.4333
45.2667,10.9167
43.8116,12.6316
45.5022,10.0414
41.2,14.4667
40.7858,9.1658
40.0667,18.3167
45.5863,8.1964
40.5333,16.3167
43.4477,13.0152
42.5837,12.768
43.3,12.7667
39.0038,8.6435
42.9381,13.6219
45.85,12.8833
45.6883,9.8525
38.3667,16.2333
40.0782,15.758
37.8,14.0833
45.7,8.65
40.95,15.6667
45.5,8
41.0833,14.4167
45.8833,12.9833
44.6833,7.2833
38.1667,15.3667
39.5924,8.7217
44.85,11.8667
40.75,15.05
38.3333,15.8667
46.2,13.2667
45.0333,11.45
46.6556,11.1403
45.2666,9.218
44.9822,8.2117
44.4455,8.7479
44.3073,10.7318
40.7839,8.7439
42.0167,14.55
41.2833,15.2667
44.046,8.1431
44.4445,9.0886
45.25,10.4833
45.25,9.0333
41.8167,15.3667
45.2156,9.5725
44.9333,11.6667
44.5667,8.6667
45.0167,10.35
44.2057,8.4162
40.1258,8.8194
39.9758,18.3226
42.6667,12.2167
40.2342,14.9839
41.1,14.1333
39.5602,9.0447
45.2167,7.5167
42.9667,11.9
42.3939,11.2036
40.5667,15.5
46.6081,11.5656
39.3745,9.159
41.55,15.1333
40.7,14.8333
45.1103,9.4369
39.3333,16.15
41.1,14.7
43.7453,11.71
45.5,8.0333
44.127,8.2071
41.6333,13.7167
45.1086,9.6825
37.8333,13.5667
45.9419,11.1086
39.62,8.96
41.0333,15.25
45.3894,7.8675
37.2899,14.3671
42.4667,12.9
45.4833,11.75
41.2333,14.55
45.3667,8.0833
41.8167,15.0167
42.6753,11.8731
41.6667,13.15
45.65,8.4833
42.2,12.8833
44.5833,7.6667
41.6889,13.7444
40.1889,8.5672
44.3167,7.4833
43.0667,11.6
45.1667,11.4333
38.0833,14.85
45.6666,7.6891
40.1604,9.1947
42.2167,13.9167
46.3768,11.6594
45.9703,12.1431
44.3718,9.3116
45.3667,10.55
45.6167,10.5667
39.6835,8.6466
37.5985,13.2908
45.7,11.65
40.1167,15.2333
39.25,16.95
46.0764,9.3067
42.2514,12.375
44.6833,10.0167
38.65,16.1
45.5667,11.15
45.3667,7.7667
42.66,13.6581
46.5547,11.7604
38.95,16.3833
41.5333,14.55
45.0333,11.65
40.6798,15.5938
39.2833,16.3167
45.8833,8.65
46.15,9.3
45.2623,10.5696
45.3304,7.649
46.05,13.0333
41.5167,13.7667
44.2167,11.6167
38.2667,16.2167
40.1667,16.5167
41.35,13.75
42.385,12.2642
39.3115,8.9266
45.7,8.9833
45.8833,8.8833
44.3636,7.4721
45.7833,8.7
45.7833,11.5667
46.45,10.4167
40.3283,8.9593
45.85,13.2167
43.1973,13.3773
40.3978,8.6598
45.6,10.85
41.45,13.4
41.2167,14.7
38.4833,16.4667
45.3072,10.1494
46.05,12.5333
41.4667,13.9333
45.3333,7.8
45.5667,11.2333
39.0333,16.75
40.25,15.55
42.8319,11.5853
39.2833,16.3333
38.1833,16.1333
38.0167,15.8333
42.1166,12.7723
42.2167,12.8
45.05,11.7
46.5333,13.1167
40.2667,15.6167
45.0667,10.4333
43.5783,13.3528
46.1667,9.9833
46.0058,8.2692
45.2723,12.3008
41.4333,13.7833
45.5167,8.5833
42.8906,11.3925
45.2833,11.4
45.6333,10.95
39.1667,16.15
45.7667,11.4667
39.55,16.3333
40.9358,9.1747
45,9.4
39.4423,9.0133
45.0667,11.25
40.2142,9.2836
40.3833,16.05
40.7167,14.6
45.6,7.7667
45.7667,11.4667
38.0333,14.7667
41.55,14.75
38.3167,16.0333
44,11.9167
46.5667,12.55
45.5833,8.55
42.65,12.4333
45.5333,8.4333
39.75,16.1167
45.1833,11.7167
37.3939,13.3517
42.6294,13.2884
46.1167,13.1167
45.8167,13.1333
45.2833,9.7167
42.4167,13.0833
44.3748,9.0866
42.5833,13.8667
40.0131,8.5986
40.8833,14.85
41.9167,15.0167
44.2333,10.7667
40.65,14.6167
45.7888,8.5388
44.1328,10.4119
46.2667,9.85
45.9317,10.2806
45.8364,13.1017
42.0833,14.65
41.0038,9.6149
46.0317,10.3461
42.1667,14.3333
44.4085,9.2363
45.5833,8.05
45.0572,11.1302
46.1333,13.0333
